asin,category,themes,title_override,note
B01EUC17SW,Kindle本・マンガ,,,
B0BHLDSG1Y,Kindle本・マンガ,,,
B0GPPD4PWH,オーディオ,,,
B0H2LF71T5,充電・モバイル,,,
B0H1CC1KVD,Kindle本・マンガ,,,
B0H4JCDHSY,オーディオ,,,
B0GT91TB1T,スマートホーム・家電,,,
B0GW97QRTP,オーディオ,,,
B0H335K1DN,充電・モバイル,,,
B0GMXDH9Q2,オーディオ,,,
B0H2963TCY,コーヒー・キッチン,,,
B0GLGC2MXZ,オーディオ,,,
B0H2YK9C3P,充電・モバイル,,,
B0FTSQ14QX,オーディオ,,,
B0H368183J,充電・モバイル,,,
B0H6ZDK7JF,デスク・PC周辺,,,
B0H2MJZZD9,オーディオ,,,
B0G2LXLXQ5,オーディオ,,,
B0GV3DDY3K,スマートホーム・家電,,,
B0FJ285HT1,オーディオ,,,
B0H2V15TTF,オーディオ,,,
B0GFD6DYGH,充電・モバイル,,,
B0H5W8KQP2,コーヒー・キッチン,,,
B0GX9T9TJM,充電・モバイル,,,
B0H3FN1HB2,オーディオ,,,
B00H9YZMTY,Kindle本・マンガ,,,
B0GWDLHYS9,充電・モバイル,,,
B0BZWR4GSW,Amazonデバイス,,,
B07CB5WDH6,アウトドア,,,
B0H41RT9P5,Amazonデバイス,,,
B0H28N9SCF,スマートホーム・家電,,,
B0CZKKPYMW,充電・モバイル,,,
B093KG7HHW,充電・モバイル,,,
B0DRVB4DVC,スマートホーム・家電,,,
B0DV5P26W6,Kindle本・マンガ,,,
B08P717SMC,Kindle本・マンガ,,,
B0FHQ46889,コーヒー・キッチン,,,
B09WQN87HM,充電・モバイル,,,
B0D17CVCYX,オーディオ,,,
B00HYOUUYQ,カメラ・撮影機材,,,
B0H4FP2M81,デスク・PC周辺,,,
B0BDRSJ4LP,Kindle本・マンガ,,,
B09WDK7GGJ,オーディオ,,,
B0D3QX8BMJ,充電・モバイル,,,
B0F1FB6PSQ,スマートホーム・家電,,,
B0BFKFC9YJ,充電・モバイル,,,
B0GYYVBTK6,健康・生活,,,
B0CQKDKPS6,オーディオ,,,
B08Z76S82Y,アウトドア,,,
B0BYRJTKKM,アウトドア,,,
B0FGHX59G2,デスク・PC周辺,,,
B0GYP6S7SV,オーディオ,,,
B0FZL86GXC,充電・モバイル,,,
B0D48VBVMS,オーディオ,,,
B0DBQCN7HZ,充電・モバイル,,,
B0GVNN41NZ,スマートホーム・家電,,,
B0CPHYJRRP,スマートホーム・家電,,,
B0G6D8XGFM,スマートホーム・家電,,,
B0FRFSFCQH,充電・モバイル,,,
B0GJ5MV9SW,コーヒー・キッチン,,,
B0CQL41MKK,Kindle本・マンガ,,,
B0D8VP62JT,Kindle本・マンガ,,,
B0CM33N6Z8,Kindle本・マンガ,,,
B09FL9PFD1,健康・生活,,,
B0GFCGLYVW,オーディオ,,,
B0FY4W7YVL,オーディオ,,,
B0CJZPYV8Q,オーディオ,,,
B0B38LDWKL,コーヒー・キッチン,,,
B0FX431XBQ,充電・モバイル,,,
B0FX4YBZV4,充電・モバイル,,,
B0DBHS1S3V,充電・モバイル,,,
B0G4M1TC7Q,スマートホーム・家電,,,
B0B8YJMHHX,アウトドア,,,
B0D3HLP1NM,充電・モバイル,,,
B0GQKT99HR,スマートホーム・家電,,,
B0GVNN4K4T,健康・生活,,,
B08N65BZ61,アウトドア,,,
B0FH4W9TDK,充電・モバイル,,,
B0C713R43P,アウトドア,,,
B0G3YCRJKX,Amazonデバイス,,,
B0GQLC31GM,オーディオ,,,
B09TQZ327F,コーヒー・キッチン,,,
B0B21CCHTY,充電・モバイル,,,
B0D3HJM175,充電・モバイル,,,
B0DHVSR4JX,アウトドア,,,
B0CYVJVDJH,アウトドア,,,
B0095F0OAW,Kindle本・マンガ,,,
B0D4VMVCFX,オーディオ,,,
B0GCDV7B3L,スマートホーム・家電,,,
B087RJLZMR,スマートホーム・家電,,,
B0B8CRLZM1,アウトドア,,,
B00BEPJ33U,Kindle本・マンガ,,,
B0BSNBQ4QV,健康・生活,,,
B0F8Q8W984,コーヒー・キッチン,,,
B0DHVSX5HY,アウトドア,,,
B0DD7B3VGB,健康・生活,,,
B0G3WLHTMQ,充電・モバイル,,,
B0DDY45J4W,健康・生活,,,
B0FL1BH9VM,健康・生活,,,
B0FD3QDMN1,スマートホーム・家電,,,
B08KPHZWHL,スマートホーム・家電,,,
B08TH4KFVP,充電・モバイル,,,
B0GR1FBY8T,オーディオ,,,
B0CC8ZKBVC,充電・モバイル,,,
B0FXX1Z6D1,充電・モバイル,,,
B0BXDC3417,スマートホーム・家電,,,
B0GWDRN8RR,充電・モバイル,,,
B0GHG2ZL9P,健康・生活,,,
B093B4TSPM,健康・生活,,,
B0GH6TRKH8,オーディオ,,,
B0DHVSFDL8,アウトドア,,,
B0GY8C3LCG,Amazonデバイス,,,
B07Z7ZGHD5,デスク・PC周辺,,,
B0GSZ3D29K,充電・モバイル,,,
B0FL843V6R,健康・生活,,,
B0D28N991R,健康・生活,,,
B0F99FCSX7,充電・モバイル,,,
B0DMNDLC4L,日用品・食品,,,
B0GX5JKQTJ,健康・生活,,,
B0D7BZR4CY,充電・モバイル,,,
B0GQGFDQ1J,健康・生活,,,
B086PSF44H,充電・モバイル,,,
B0CWZJGVW6,健康・生活,,,
B0GGH7TNQV,充電・モバイル,,,
B0DFCLXLJ3,デスク・PC周辺,,,
B082PWV4L7,デスク・PC周辺,,,
B0GJZ1TCQP,オーディオ,,,
B0FG7DVV62,オーディオ,,,
B0GKFMRRDG,オーディオ,,,
B0FJLZ6BV3,充電・モバイル,,,
B0GZYNKHCK,デスク・PC周辺,,,
B0DHYVKG2T,コーヒー・キッチン,,,
B0DHYVVMLX,コーヒー・キッチン,,,
B0CMD3GZKF,充電・モバイル,,,
B0B6RCRH22,コーヒー・キッチン,,,
B0CQTQ4YM5,コーヒー・キッチン,,,
B07Q2WW8FM,健康・生活,,,
B0006BLI22,コーヒー・キッチン,,,
B0G48XY23B,コーヒー・キッチン,,,
B0G5Z4C8HC,デスク・PC周辺,,,
B0FJRCJ1SN,デスク・PC周辺,,,
B0G2TXCWFH,Amazonデバイス,,,
B08X11GD52,充電・モバイル,,,
B0GVM58WYH,スマートホーム・家電,,,
B0G2TQZMY1,Amazonデバイス,,,
B0FL1BVGJD,健康・生活,,,
B0F1FYBV2G,健康・生活,,,
B0DKLDS8T7,Amazonデバイス,,,
B0DKLQMN8L,Amazonデバイス,,,
B09JYMGMPT,健康・生活,,,
B0FS6SDJPD,コーヒー・キッチン,,,
B0DG914LY9,充電・モバイル,,,
B0CG18ZM6J,コーヒー・キッチン,,,
B0CM61GJFN,充電・モバイル,,,
B0CM66LY5F,充電・モバイル,,,
B08BPCK48W,日用品・食品,,,
B0DZ1T51KS,スマートホーム・家電,,,
B0G2Y7ZVQ3,充電・モバイル,,,
B0H5B53BJR,健康・生活,,,
B0FTFMKTV7,オーディオ,,,
B0FK9YH385,充電・モバイル,,,
B0FGX5JN2X,充電・モバイル,,,
B0FBRK8GSP,充電・モバイル,,,
B0GQDB71R2,スマートホーム・家電,,,
B0FW41MQXP,デスク・PC周辺,,,
B0BQ71L6R9,デスク・PC周辺,,,
B0GKV5HSNP,健康・生活,,,
B0CWV5LG6M,オーディオ,,,
B08F2LB5LS,アウトドア,,,
B0DLSMH23R,充電・モバイル,,,
B09QM1SWFJ,健康・生活,,,
B0DYTVVLH4,デスク・PC周辺,,,
B0G5N88Z97,健康・生活,,,
B0FTF659H5,オーディオ,,,
B0FCSBH974,充電・モバイル,,,
B0F43XLHSM,充電・モバイル,,,
B0FYFNGHGY,充電・モバイル,,,
B0FLD9X93Y,アウトドア,,,
B0FLDBD6BV,アウトドア,,,
B0GC5HPVJ5,充電・モバイル,,,
B078J8LDNV,アウトドア,,,
B0D2VVX6HP,充電・モバイル,,,
B0FY2R523R,オーディオ,,,
B0CKWSDCC7,デスク・PC周辺,,,
B0G1TD8CTB,スマートホーム・家電,,,
B0FB8K6YT1,充電・モバイル,,,
B0BZYJGZ31,スマートホーム・家電,,,
B0GT4CLCF9,スマートホーム・家電,,,
B0FLDBWLXV,アウトドア,,,
B07PP2RB25,充電・モバイル,,,
B0BKTJ9X2H,デスク・PC周辺,,,
B0G7DY99PQ,オーディオ,,,
B0CT39SSC7,充電・モバイル,,,
B0GVM6R1QG,充電・モバイル,,,
B079C1K6DH,アウトドア,,,
B08F7V9T3K,オーディオ,,,
B0DBR13335,オーディオ,,,
B0GT4QRTCZ,充電・モバイル,,,
B0DMNYWBCS,充電・モバイル,,,
B0GVDZBX6B,充電・モバイル,,,
B0FB3Y46SB,充電・モバイル,,,
B0BR3M8XHK,充電・モバイル,,,
B0F8NJ28LB,コーヒー・キッチン,,,
B0CHXGGT8X,コーヒー・キッチン,,,
B0GS5Y4FBF,デスク・PC周辺,,,
B0F1MCHFFW,充電・モバイル,,,
B0G64G321H,充電・モバイル,,,
B0GCZG9PQQ,オーディオ,,,
B0F6NC41DZ,充電・モバイル,,,
B0F2SS1ZMZ,アウトドア,,,
B0B1VJNWJD,健康・生活,,,
B0GKM47GV5,デスク・PC周辺,,,
B0FN3Z641Y,充電・モバイル,,,
B0CLGQ7F1H,スマートホーム・家電,,,
B0BNB5RGZ1,アウトドア,,,
B0FRLVWT2D,デスク・PC周辺,,,
B0CQ8RQBV8,デスク・PC周辺,,,
B0BV77RS4D,オーディオ,,,
B0F9V9G2HR,充電・モバイル,,,
B0CL96PBMJ,充電・モバイル,,,
B0FF4L6P4T,充電・モバイル,,,
B0CX1F4DT6,充電・モバイル,,,
B0GCB58RFD,充電・モバイル,,,
B0GTDY9MGF,健康・生活,,,
B0D6GG7JSP,アウトドア,,,
B0C711DS89,アウトドア,,,
B09797VN9Z,オーディオ,,,
B0DHCY37HY,スマートホーム・家電,,,
B0D4LVMYNV,コーヒー・キッチン,,,
B0DMCM5QCM,健康・生活,,,
B0BRN5YG41,健康・生活,,,
B0F1CK5Y4Y,充電・モバイル,,,
B0CT857V89,オーディオ,,,
B0GSJ3F3KD,アウトドア,,,
B09G9DM2ZT,スマートホーム・家電,,,
B0FJYGH18X,デスク・PC周辺,,,
B0CHY1ZGYB,充電・モバイル,,,
B0FJ7XYKLL,充電・モバイル,,,
B0GY4LB1F2,Amazonデバイス,,,
B07FTG84SW,カメラ・撮影機材,,,
B0DYTMVMHC,健康・生活,,,
B0DXF364XJ,オーディオ,,,
B0D9VF8TJJ,オーディオ,,,
B0DYJHD98G,充電・モバイル,,,
B0F1CV9M1J,スマートホーム・家電,,,
B0GHYKF9SJ,充電・モバイル,,,
B09T5X9YZN,コーヒー・キッチン,,,
B0GK1NRNM1,コーヒー・キッチン,,,
B0BP67HQ9W,デスク・PC周辺,,,
B0C89GLB2Y,アウトドア,,,
B0DM1G9TSY,充電・モバイル,,,
B0DT4RGDSJ,充電・モバイル,,,
B0BG8PWK8T,デスク・PC周辺,,,
B0D21H45C9,オーディオ,,,
B0DLWQC8GW,健康・生活,,,
B09KZPGM77,アウトドア,,,
B006QVAGUQ,アウトドア,,,
B0CSSRD4NT,充電・モバイル,,,
B01DNDMSLY,アウトドア,,,
B0DJNXX51D,オーディオ,,,
B0DB55JYG9,充電・モバイル,,,
B0CCCV57LH,オーディオ,,,
B0FNQVN2LK,オーディオ,,,
B0FL2KNHYM,オーディオ,,,
B0FG2C56W5,アウトドア,,,
B0CG8Q3LMR,充電・モバイル,,,
B0CYGTW91J,日用品・食品,,,
B0B4T71SW2,オーディオ,,,
B00E37SO0Y,健康・生活,,,
B0H6V3W8WS,スマートホーム・家電,,,
B0CZ3C9HYG,充電・モバイル,,,
B0DVYQ3HFT,健康・生活,,,
B0D8PHF6JX,スマートホーム・家電,,,
B09KZF8D91,アウトドア,,,
B0CJZZLFCZ,Amazonデバイス,,,
B0C2XZF3CG,コーヒー・キッチン,,,
B09Q8F12XD,健康・生活,,,
B0DTP2RQYP,コーヒー・キッチン,,,
B0FS5XT48F,充電・モバイル,,,
B0GKMRR3KD,スマートホーム・家電,,,
B07M6Y7355,デスク・PC周辺,,,
B0BDL8HC38,充電・モバイル,,,
B0B5WD4CMW,オーディオ,,,
B0G8MQZ9K3,充電・モバイル,,,
B0D31FK2W6,デスク・PC周辺,,,
B0H5VXYN7Z,健康・生活,,,
B0DFH912FS,Amazonデバイス,,,
B0FKB92YL8,日用品・食品,,,
B08VS44PKP,コーヒー・キッチン,,,
B0G51JBXC5,オーディオ,,,
B0DCFXF1H1,スマートホーム・家電,,,
B0DCFSVN4F,スマートホーム・家電,,,
B0DYCF69K9,ストレージ・メモリ,,,
B0BW3N13GW,アウトドア,,,
B0CB3R5JM2,日用品・食品,,,
B0FPXGY85B,スマートホーム・家電,,,
B0DFFZZXQW,健康・生活,,,
B0071FOEZY,コーヒー・キッチン,,,
B0002IS0IO,コーヒー・キッチン,,,
B0FPLK9FSJ,オーディオ,,,
B0D1XSKZRJ,デスク・PC周辺,,,
B0F6CSMH5Q,充電・モバイル,,,
B0DHGVTB2M,スマートホーム・家電,,,
B0C6LFT5Z8,アウトドア,,,
B0C73GLJV2,コーヒー・キッチン,,,
B08Z4FXX7R,充電・モバイル,,,
B0DSBNYRKS,充電・モバイル,,,
B09XF23WY2,デスク・PC周辺,,,
B09XF3HRGW,デスク・PC周辺,,,
B0GTKTWHV3,オーディオ,,,
B0CHVZHLZ1,充電・モバイル,,,
B0D6GH36HH,アウトドア,,,
B08LWB1J3L,日用品・食品,,,
B0FRFRD6MH,コーヒー・キッチン,,,
B093L5CMMT,充電・モバイル,,,
B0CZKKKMHQ,ストレージ・メモリ,,,
B077NG51J8,アウトドア,,,
B0G592L5KV,デスク・PC周辺,,,
B0DP2KTYTC,スマートホーム・家電,,,
B0DP2KCT8V,スマートホーム・家電,,,
B0CF4XRB1V,日用品・食品,,,
B0D5VC1XPQ,コーヒー・キッチン,,,
B0CTMQRBZY,オーディオ,,,
B0CMQ246FB,オーディオ,,,
B0DTPDZP1S,コーヒー・キッチン,,,
B0CX4C1TVK,充電・モバイル,,,
B0F1MZ88ML,オーディオ,,,
B0GTT99VF5,デスク・PC周辺,,,
B0002QYRWY,健康・生活,,,
B08DKXYZ84,アウトドア,,,
B0CHJMXSLN,健康・生活,,,
B0DP2KLMMT,スマートホーム・家電,,,
B0GP7W2HGZ,スマートホーム・家電,,,
B0GP7R9VQ6,スマートホーム・家電,,,
B0FMKL5DQP,健康・生活,,,
B0FPG5KF66,オーディオ,,,
B0DWK4XHQ4,デスク・PC周辺,,,
B0C76ZD7KV,デスク・PC周辺,,,
B0F1SJR713,デスク・PC周辺,,,
B0DWLLTG6N,充電・モバイル,,,
B0GGH8998X,オーディオ,,,
B0956X785M,デスク・PC周辺,,,
B07W532F8J,デスク・PC周辺,,,
B06ZXXQGZ8,充電・モバイル,,,
B0FN48X4S9,コーヒー・キッチン,,,
B0CWH33BSK,充電・モバイル,,,
B09B8P3RK1,Amazonデバイス,,,
B09B97Q4NX,Amazonデバイス,,,
B0BF44GF6J,充電・モバイル,,,
B0DJXLJ7QC,充電・モバイル,,,
B0D9YMNXZL,オーディオ,,,
B0D2RGPTKM,オーディオ,,,
B0DNLVY85L,充電・モバイル,,,
B08CXJ3HMF,オーディオ,,,
B09919MPYD,オーディオ,,,
B0FBMLPWSV,健康・生活,,,
B09LQSBPWJ,オーディオ,,,
B0D9JJHR5X,オーディオ,,,
B0DPX7W84T,オーディオ,,,
B0DPX84MBM,オーディオ,,,
B0DFCPRT83,オーディオ,,,
B0C7K814LB,Amazonデバイス,,,
B0CQYP823C,コーヒー・キッチン,,,
B0CFPKCSZH,Amazonデバイス,,,
B0GVJKJHTL,健康・生活,,,
B0F7T7W959,Amazonデバイス,,,
B0F6NRWF9V,スマートホーム・家電,,,
B0F7RVW2QG,オーディオ,,,
B08MJR93YJ,デスク・PC周辺,,,
B0DFYFJZGJ,デスク・PC周辺,,,
B0DKJD36DN,デスク・PC周辺,,,
B0F8VNSTYC,デスク・PC周辺,,,
B0DBL7PY8N,アウトドア,,,
B0FX7M29RP,スマートホーム・家電,,,
B0CTGYNSQ4,Kindle本・マンガ,,,
B0D6GHLFDJ,アウトドア,,,
B00CWXSL1S,デスク・PC周辺,,,
B0GW7WT5SQ,オーディオ,,,
B0D3V4V1KD,健康・生活,,,
B0D3V6TR98,健康・生活,,,
B0BC135WFD,デスク・PC周辺,,,
B0FDK6NX2K,オーディオ,,,
B08NVDHCD8,充電・モバイル,,,
B073JL7L8L,アウトドア,,,
B073JJQ47Q,アウトドア,,,
B09L42VBH5,健康・生活,,,
B088FMRW7L,デスク・PC周辺,,,
B0DT9MMZTL,デスク・PC周辺,,,
B09RB5CH8K,ストレージ・メモリ,,,
B0DHX6PJFX,カメラ・撮影機材,,,
B0BXDQS4BD,デスク・PC周辺,,,
B0GZMQH558,カメラ・撮影機材,,,
B0BRP7SW25,オーディオ,,,
B0GNLLRJVW,健康・生活,,,
B0DLGFYF47,充電・モバイル,,,
B0CFWPQTLM,コーヒー・キッチン,,,
B0D9XVQG7S,コーヒー・キッチン,,,
B0D4Z8LWXC,オーディオ,,,
B0GVXYFL7Y,ストレージ・メモリ,,,
B07HM493DW,アウトドア,,,
B0D5XD94ZZ,デスク・PC周辺,,,
B0CCXW4LHR,コーヒー・キッチン,,,
B0F9NLV52M,アウトドア,,,
B0F62RQ2QM,デスク・PC周辺,,,
B0GSQTHXW2,スマートホーム・家電,,,
B0DQCZRGP4,コーヒー・キッチン,,,
B0CVPR5LM4,コーヒー・キッチン,,,
B0DYC1LM11,Amazonデバイス,,,
B0FD9G972N,コーヒー・キッチン,,,
B0FL7663Z6,日用品・食品,,,
B07WGPPZQK,充電・モバイル,,,
B0DMJHS1WZ,アウトドア,,,
B0DZ2D6P65,スマートホーム・家電,,,
B088K5GBDP,カメラ・撮影機材,,,
B0D9XXV9LQ,コーヒー・キッチン,,,
B0D45LSTY5,オーディオ,,,
B0CD3RY999,コーヒー・キッチン,,,
B0BXSQRDK6,デスク・PC周辺,,,
B0GFHNH5L9,健康・生活,,,
B0F21VBXKK,充電・モバイル,,,
B0FXGRKGBW,充電・モバイル,,,
B0CJHSYZ29,Amazonデバイス,,,
B0GGYFYWMD,カメラ・撮影機材,,,
B0BN14RRL7,スマートホーム・家電,,,
B01ABDUITS,アウトドア,,,
B0BXRX4M2D,スマートホーム・家電,,,
B0BCVHZBWH,日用品・食品,,,
B0GVSL5967,スマートホーム・家電,,,
B0F32DWXX2,デスク・PC周辺,,,
B08TLVKBMJ,デスク・PC周辺,,,
B0D86SSFFF,スマートホーム・家電,,,
B0054TWH9E,デスク・PC周辺,,,
B0DCG2DBDL,オーディオ,,,
B0C6LM781H,Kindle本・マンガ,,,
B0FLJN8GFF,オーディオ,,,
B0CKW115BH,コーヒー・キッチン,,,
B0CNXDLJQ5,デスク・PC周辺,,,
B0B1Q636K7,デスク・PC周辺,,,
B0CR6J2HCK,デスク・PC周辺,,,
B0DZMVYG4J,コーヒー・キッチン,,,
B09KZPHC2Q,アウトドア,,,
B002T45X1G,オーディオ,,,
B0C6LD4S1F,アウトドア,,,
B07R9QQD3K,充電・モバイル,,,
B0CTKBY3J3,デスク・PC周辺,,,
B0GW7KYC1C,オーディオ,,,
B0BHD5JTPS,コーヒー・キッチン,,,
B0B1N7GZDJ,アウトドア,,,
B0BPFP1KMF,充電・モバイル,,,
B0DTK6VPH2,デスク・PC周辺,,,
B0FDWFDNSC,スマートホーム・家電,,,
B0FMF1V2GR,スマートホーム・家電,,,
B0CQY7SRTY,充電・モバイル,,,
B09Z2QYYD1,オーディオ,,,
B0C5WZ5L8Q,オーディオ,,,
B0F8J46L4R,健康・生活,,,
B0DSL5BZGY,デスク・PC周辺,,,
B004XYQLG6,コーヒー・キッチン,,,
B0BVPNJP1C,オーディオ,,,
B0BVPS2FFK,オーディオ,,,
B0DDNQB5HM,オーディオ,,,
B0BVHPSFFZ,デスク・PC周辺,,,
B0B1Q383WZ,デスク・PC周辺,,,
B0DJ7293PM,オーディオ,,,
B0D21R5317,オーディオ,,,
B0GGGW9Q3T,健康・生活,,,
B0D9XVNBR2,コーヒー・キッチン,,,
B0CM62VG5H,アウトドア,,,
B0D4Z8KJXY,オーディオ,,,
B0CPYCRHFN,健康・生活,,,
B0CPYDZ316,健康・生活,,,
B0BJPCKYSK,アウトドア,,,
B088P8QYWN,デスク・PC周辺,,,
B0FRSN8MK5,オーディオ,,,
B0FW4TM219,スマートホーム・家電,,,
B0CCJFY2V4,充電・モバイル,,,
B0DNLRYJ9X,充電・モバイル,,,
B084H132PK,日用品・食品,,,
B0DXQ6V5LV,充電・モバイル,,,
B0D62PTJVL,デスク・PC周辺,,,
B0FWCQ7PPS,オーディオ,,,
B07XFWYCH3,日用品・食品,,,
B0FJ1JTL44,スマートホーム・家電,,,
B0GTQCJQ9J,健康・生活,,,
B0FRM5QG5X,スマートホーム・家電,,,
B0FX97R8XR,充電・モバイル,,,
B0C6FFQLTN,充電・モバイル,,,
B0D45R4YVL,スマートホーム・家電,,,
B0FX5GJ7NM,スマートホーム・家電,,,
B0C7QGK4TD,コーヒー・キッチン,,,
B0DLWDJJQ8,充電・モバイル,,,
B0BVKPXRDS,充電・モバイル,,,
B0GYYNMZJQ,オーディオ,,,
B0GPDBS299,充電・モバイル,,,
B0FNRMBR4X,オーディオ,,,
B0D4Z8NPH7,オーディオ,,,
B0G5XYTQ88,デスク・PC周辺,,,
B0G93LS8S3,カメラ・撮影機材,,,
B0CP4SRM8K,オーディオ,,,
B0BP6WX7S4,デスク・PC周辺,,,
